,Company,Location,Job,Extract Date,Post Date,Job link
0,Carros (06),Greenbull Group,Data Engineer H/F,2022-01-08,Postedil y a 10 jours,https://www.indeed.com/pagead/clk?mo=r&ad=-6NYlbfkN0A-I8TVXRMutGnqctwfXr6xOqZq16h08P9g32n241m5UvjhtE3Ij6Qw8YGW8-PZLELOyPb3hrezJNj985opqJm-F8LvSAz8Gq0BSt2mSVfMz_F5cSogpXHmgaukDb9S5wdXsLNiMgpX1ihX7jIfa9n4ny8YAMvG2qzq9zYBr7cS_h8T-eUKgO-LiTuj9E6TPg8KLbtoax1KJGhqsAA7koTzcIQ1Iw2LpNqZWq8GYRKRHpYrVIY87tYbuIIdIVrjHqrlimnqnChpXX-9w94ylX4UVDDqhujjExIO_XSWOl1sqqev5VnSmlItWlIWlswd97jGK5jPECk3tPa46bx6UX1fNGrfeNWBWZb9FE0P49fh8qbfRQPEo5q6QORTRDyYwHg93Ip8rIDpZ9Li55IdvNTw5x4uIuq3B0-V5y4U6k5YJ9kwGgFgWsusc5OHsZC9cPOUnjgj-0nCYB3qeYF0XIvZhD9DxDrJKqQ5N-2P77HyUPjDmYSLJXTcZ-wcLvpr1j0rXKd8gW9SkQ==&p=0&fvj=1&vjs=3
1,France,Kyndryl,Data Engineer - Kyndryl,2022-01-08,Postedil y a 30+ jours,https://www.indeed.com/pagead/clk?mo=r&ad=-6NYlbfkN0ASQSak737PijTL6td-124vXlwAjEfobxyBAiBXn_Ib3oCXNimh015Nfht3Yda9ErQ-Y_gF2ZYYXJzF7HTtEhJrgNPP9r6YXMDDTdz04aCkd3AYAZMuTSux8PHRNQ47KHpVGngnIC5ADrr82px64gb9zvr4uBN-I-iaye6pYzwCRRiH5AC3l9cpD2h-88XjrO04SmvAvMSeGtQDn6Tj47VMQW_Qe62s395TYRAbyyFAlnt7aqJaM3O-7pb3NCms40vzn3XMIkDmeE71SjxYukWUtJV_DuU5m4NZcw_vTuBsr_Zm7vcer-zmD99elDBkxsz8dlg5--jZzht9szBpwBuwttiLI8MH2UqnvJ-Ub3D3E6L3HJ2PT9RlvKFngvSMnrCvyyzyTEDyR2ABC2YxwEDHr_9d-6wMto8k9tNd8RHT4qqPx5-YmBlhBwqyaupWfSOdSfTW2B0eS-BbIHVuV884rtgGf616TQ8HpamMI0YvdUCrh5yKWKgChmhbTozg0LDH_wWbwIuHTUQmAChgvAP3n9t0BQ12taFuAcGrAvHWuiOjAPfT2ltJ3lk5hJPC5ELZprdQ8m8Fp_AQWjPL0ISp4z5luKqfC70D1rfNFPMTJbwH5fVzu10g145zX5xZJwnIhvHyGziCUG5ifdzLFtHS3sYWv6AzLO0=&p=1&fvj=0&vjs=3
2,Salon-de-Provence (13),Fed IT,Data Engineer F/H,2022-01-08,Postedil y a 1 jour,https://www.indeed.com/pagead/clk?mo=r&ad=-6NYlbfkN0Ds4WoEJdadYA2Jf3D0BmIyiT-U-1pVFQJqlgQ9GHNz48UM8u0pre21UzIRkqcjSQymQxWaJsrP1vjnPlWSHPeRMpS15LNKrlcp3rZS5Zt2i7ECtNCPOP4XexQdcuwfL30d4UdhNtscSuJwOWPQDPtPkONvdf96f6S3VJP_-jjQ7eL45mIw3IBoL199xh88e2AWcXeSsNILNS4q8Bzim8_m6V5GddkrU86WYP77iNcKVNwMOWq4lNq9nzq3wBCVphuZUTFLvjxE-OBhv_XZhR_o8m_RDh2Eywz2qpm-JvqkEvTzLTOeB-GPhzQT6NydcjnecBjZj_-Mus7tf2U9dtHGfbYij0_PVl95lYsXUkaMDXcTCOzrCJbWGtkC5TgsVbp5prLgeXB-H0DRFJ9sT9hovceGLMGda6krdVABr-KpMDr77SEnz6UOPmzCypJFIdLuX6cemd0-s50TluwaXOR_tspemtZkrhDISh4R1Ul7YUtTrI_PnPNQCNtmuu7z4ycKHWCOnMHF4CQLxiZ5dDj7o6Jly_MVhfZfn2fBcrcHMta8yoOJ99mcrEe2YwKIHMlAFkzkqD0gjBmeJE3k0lmW-gwDVFx9mhBJyuCwzWV8ASL22J2qTA-QOwD3uklDrG4FC9bEOiNgTu_uVyCTOYxGkiZV2eIILLNg2CDdtmpHOx42E9aOiaGvVY8fjVCG1Og=&p=2&fvj=0&vjs=3
3,Aix-en-Provence (13),Voyage Privé,Data Engineer (H/F),2022-01-08,Postedil y a 4 jours,https://www.indeed.com/company/Voyage-Priv%C3%A9/jobs/Data-Engineer-06641ee452042265?fccid=37029f0f039fb727&vjs=3
4,Aix-en-Provence (13),TERCIO,Data Scientist / Analyst Engineer (h/f),2022-01-08,Postedil y a 17 jours,https://www.indeed.com/pagead/clk?mo=r&ad=-6NYlbfkN0D20bXt5JD-RHvgPi7BLU_5L3XUpMv2PVzg9KJpoQZ1nPEZ2oQbxoDcw8S0MGIyZEShShdkopHH_rikFQwwGyS2TrV0wO8z3569-YVlxsnk4Ms7lJ1gsIfPw8rlmyGzyUH1Nr2DxFNnGGvNIAsxosvuIcJ-NsfTvDV4CI-2fFlP9rN9JXSpmSFpiZE5V8gLQOMhZtdvqVp99eF9ma9bR8HlURvVO6PrYtLsIwnzq67ctKr1qA9g5XBBeU9Jb05Sjb4qDYXRnZ5fLNr-k2NIJrMLKOon-erD2qvL2xkUhdmJkPqGUi4wALkIcdLN6pG6SkBcAiMOD6bUZJwCpcstyxECNk8D4oz5mZrPC9kw7TuR1UipHaEhbmUqkY5taZ1ld70QcL-06sUtSo8K-rvjqCwOpE8rdprFTC_D4QmgaLGLlvBi62th85fxlfJW3J4e-O0gg-Q5xOk18mrICdL0ADmCKB8xdbjJpOhjA96qsA7GuJjVmrUpiqJ1JKJTgahxG0lqS3aJ4GQ0dbuIowWxPRzcKmLObuvkgfi3SFF-peVT4mTxRu7CXQVVS3sbK8hEi6qQL9mHeSm2-Ga5BK3GXuWVk1IJIuC2dOTYLdgOTIaHKg==&p=4&fvj=0&vjs=3
5,Aix-en-Provence (13),Capgemini,Data Engineer H/F,2022-01-08,Postedil y a 8 jours,https://www.indeed.com/rc/clk?jk=659ceb9c18e0ff17&fccid=105ecfd0283f415f&vjs=3
6,Sophia Antipolis (06),Capgemini,CONSULTANT DATA ENGINEER H/F SOPHIA ANTIPOLIS,2022-01-08,Postedil y a 15 jours,https://www.indeed.com/rc/clk?jk=9abebce4de25fb62&fccid=105ecfd0283f415f&vjs=3
7,Aix-en-Provence (13),Voyage Privé,Lead Data Engineer (H/F),2022-01-08,Postedil y a 4 jours,https://www.indeed.com/company/Voyage-Priv%C3%A9/jobs/Lead-Data-Engineer-2b4c6e056f16cbf6?fccid=37029f0f039fb727&vjs=3
8,Aix-en-Provence (13),Voyage Privé,Business Intelligence Data Engineer (H/F),2022-01-08,Postedil y a 30+ jours,https://www.indeed.com/company/Voyage-Priv%C3%A9/jobs/Business-Intelligence-Data-Engineer-ff5df3a8089682dd?fccid=37029f0f039fb727&vjs=3
9,Marseille (13),Mailinblack,Data Engineer H/F,2022-01-08,PostedAujourd'hui,https://www.indeed.com/company/MAILINBLACK/jobs/Data-Engineer-6f5bc42614b57374?fccid=b2e72ca54651966f&vjs=3
10,Nice (06),Amadeus,DATA ENGINEER (NCE or MAD),2022-01-08,Postedil y a 20 jours,https://www.indeed.com/rc/clk?jk=1824af14807a38ce&fccid=d116fab42b834cb9&vjs=3
11,Nice (06),Amadeus,Data Engineer - Analytics Application for Airlines,2022-01-08,Postedil y a 5 jours,https://www.indeed.com/rc/clk?jk=4df86ae37940dfbd&fccid=d116fab42b834cb9&vjs=3
12,Aix-en-Provence (13),Vincent Paturel,Data Engineer F/H,2022-01-08,Postedil y a 2 jours,https://www.indeed.com/rc/clk?jk=2e6c8feffa71db37&fccid=2750f21960aed7c2&vjs=3
13,Nice (06),ExcactCure,Internship - Data Engineer in Pharmaceutical domain,2022-01-08,Postedil y a 30+ jours,https://www.indeed.com/company/ExcactCure/jobs/Internship-2f95ac420502df68?fccid=f2b928684e6ec606&vjs=3
14,Nice (06),Amadeus,2021/2022 - Internship opportunities in Data Engineer/Machin...,2022-01-08,Postedil y a 29 jours,https://www.indeed.com/rc/clk?jk=a2d2cc2b3c42f72e&fccid=d116fab42b834cb9&vjs=3
